{"stats":{"minecraft:crafted":{"minecraft:oak_planks":80,"minecraft:cooked_porkchop":1,"minecraft:crafting_table":1,"minecraft:wooden_pickaxe":1,"minecraft:birch_planks":36,"minecraft:stone_axe":1,"minecraft:air":0,"minecraft:stick":4,"minecraft:stone_pickaxe":1},"minecraft:custom":{"lootr:looted_stat":1,"minecraft:interact_with_furnace":2,"minecraft:mob_kills":30,"minecraft:interact_with_crafting_table":5,"minecraft:damage_dealt_resisted":1112,"minecraft:leave_game":6,"minecraft:time_since_death":17217,"minecraft:damage_resisted":410,"minecraft:time_since_rest":16748,"minecraft:damage_taken":2613,"minecraft:sprint_one_cm":101470,"minecraft:walk_one_cm":146931,"minecraft:drop":26,"minecraft:damage_dealt":7275,"minecraft:swim_one_cm":13553,"minecraft:fly_one_cm":138318,"minecraft:open_chest":3,"minecraft:crouch_one_cm":10658,"minecraft:play_time":81437,"tombstone:undead_killed":2,"minecraft:deaths":4,"minecraft:sneak_time":3676,"minecraft:walk_under_water_one_cm":41852,"minecraft:jump":1070,"minecraft:walk_on_water_one_cm":35770,"minecraft:total_world_time":81437,"minecraft:fall_one_cm":24524},"minecraft:killed":{"duneons:endlinge":1,"born_in_chaos_v1:felsteed":1,"born_in_chaos_v1:mr_pumpkin":13,"minecraft:pig":4,"born_in_chaos_v1:zombie_lumberjack":1,"born_in_chaos_v1:sir_the_headless":1,"minecraft:spider":2,"born_in_chaos_v1:pumpkinhead":1,"born_in_chaos_v1:dread_hound":1,"born_in_chaos_v1:door_knight":1,"minecraft:villager":1},"minecraft:mined":{"duneons:voidblock":2,"duneons:voidmoss":4,"duneons:rampartbrazier":1,"minecraft:red_sand":2,"minecraft:grass_block":9,"minecraft:calcite":34,"minecraft:tall_grass":10,"minecraft:oak_planks":1,"minecraft:coarse_dirt":8,"minecraft:grass":16,"minecraft:oak_log":24,"minecraft:gravel":2,"minecraft:dirt":5,"minecraft:smooth_basalt":3,"minecraft:stone":9},"minecraft:dropped":{"minecraft:wheat_seeds":5,"minecraft:coarse_dirt":16,"minecraft:birch_sapling":1,"tombstone:gift":2,"duneons:oakwoodbrew":1,"minecraft:rotten_flesh":3,"duneons:voidmoss":3,"duneons:outpostbricks":4,"minecraft:pumpkin_seeds":23,"minecraft:carrot":16,"supplementaries:ash":2,"born_in_chaos_v1:gnawed_bones":1,"duneons:ravagergateiron":2,"duneons:rampartbrazier":1,"minecraft:oak_sapling":1,"minecraft:red_sand":2,"minecraft:wooden_pickaxe":1,"minecraft:raw_gold":12,"duneons:ravager_gatewood":1},"minecraft:picked_up":{"minecraft:birch_log":9,"minecraft:coarse_dirt":16,"born_in_chaos_v1:pumpkin_staff":1,"duneons:gildedglory_chestplate":1,"duneons:voidmoss":3,"minecraft:oak_log":20,"duneons:voidblock":6,"duneons:sabrewing_bow":1,"born_in_chaos_v1:holiday_candy":22,"minecraft:dirt":15,"tombstone:gift":1,"minecraft:bone":1,"born_in_chaos_v1:soul_cutlass":1,"duneons:rapierred":1,"minecraft:wheat_seeds":3,"minecraft:red_sand":2,"minecraft:raw_gold":12,"duneons:tempestknifeblue":1,"duneons:claymoreblade":1,"born_in_chaos_v1:gnawed_bones":1,"minecraft:calcite":31,"minecraft:birch_sapling":1,"minecraft:oak_planks":1,"minecraft:stick":2,"apotheosis:gem":1,"minecraft:smooth_basalt":6,"duneons:rampartbrazier":1,"minecraft:acacia_log":2,"minecraft:gravel":2,"minecraft:porkchop":10,"minecraft:carrot":17,"tombstone:lollipop":1,"minecraft:pumpkin_seeds":46,"minecraft:rotten_flesh":6,"minecraft:golden_apple":1,"duneons:ravagergateiron":1,"supplementaries:ash":2,"tombstone:magic_scroll":1,"minecraft:oak_sapling":2,"minecraft:mutton":1,"minecraft:cobblestone":7},"minecraft:used":{"minecraft:stone_pickaxe":32,"minecraft:oak_planks":3,"duneons:ravagergatewood_3":1,"minecraft:wooden_pickaxe":30,"duneons:tempestknifeblue":3,"minecraft:dirt":1,"duneons:voidblock":3,"minecraft:crafting_table":1,"minecraft:carrot":32,"duneons:outpostbricks":9,"minecraft:bone":1,"duneons:rampartbrazier":1,"minecraft:gravel":2,"minecraft:stone_axe":51,"minecraft:cobblestone":1,"minecraft:oak_sapling":1,"minecraft:cooked_porkchop":1,"duneons:rapierred":60}},"DataVersion":3465}