{"stats":{"minecraft:used":{"minecraft:dirt":1},"minecraft:mined":{"minecraft:grass":11,"minecraft:grass_block":1,"minecraft:dirt":2,"minecraft:tall_grass":5},"minecraft:custom":{"minecraft:time_since_rest":1511,"minecraft:crouch_one_cm":164,"minecraft:play_time":20944,"minecraft:sprint_one_cm":26925,"minecraft:walk_one_cm":46970,"minecraft:damage_taken":913,"minecraft:deaths":2,"minecraft:sneak_time":100,"minecraft:walk_under_water_one_cm":19181,"minecraft:drop":2,"minecraft:jump":217,"minecraft:damage_dealt":17,"minecraft:time_since_death":2374,"minecraft:walk_on_water_one_cm":11868,"minecraft:total_world_time":20944,"minecraft:fall_one_cm":6199,"minecraft:fly_one_cm":33108},"minecraft:dropped":{"minecraft:wheat_seeds":3},"minecraft:picked_up":{"minecraft:wheat_seeds":1,"minecraft:golden_apple":1,"minecraft:dirt":3}},"DataVersion":3465}