{"stats":{"minecraft:used":{"minecraft:stone_pickaxe":12,"duneons:ravagergatewood_3":1,"minecraft:wooden_pickaxe":30,"minecraft:dirt":1,"minecraft:crafting_table":1,"minecraft:oak_sapling":1,"minecraft:cooked_porkchop":1,"minecraft:carrot":10,"duneons:outpostbricks":2},"minecraft:mined":{"duneons:voidmoss":4,"minecraft:grass":16,"minecraft:calcite":25,"minecraft:grass_block":5,"minecraft:dirt":5,"minecraft:tall_grass":10,"minecraft:stone":4},"minecraft:crafted":{"minecraft:cooked_porkchop":1,"minecraft:crafting_table":1,"minecraft:stick":4,"minecraft:wooden_pickaxe":1,"minecraft:stone_pickaxe":1,"minecraft:birch_planks":36,"minecraft:air":0},"minecraft:custom":{"minecraft:time_since_rest":25511,"minecraft:interact_with_furnace":1,"minecraft:sprint_one_cm":33410,"minecraft:damage_taken":1243,"minecraft:walk_one_cm":88687,"minecraft:mob_kills":1,"minecraft:drop":7,"minecraft:damage_dealt":382,"minecraft:interact_with_crafting_table":2,"minecraft:fly_one_cm":46568,"minecraft:open_chest":1,"minecraft:crouch_one_cm":5447,"minecraft:play_time":44944,"minecraft:deaths":2,"minecraft:sneak_time":1743,"minecraft:walk_under_water_one_cm":32661,"minecraft:jump":512,"minecraft:walk_on_water_one_cm":18195,"minecraft:time_since_death":26374,"minecraft:total_world_time":44944,"minecraft:damage_resisted":10,"minecraft:fall_one_cm":11954},"minecraft:killed":{"duneons:endlinge":1},"minecraft:dropped":{"minecraft:wheat_seeds":4,"duneons:rampartbrazier":1,"duneons:voidmoss":3,"minecraft:wooden_pickaxe":1,"duneons:ravager_gatewood":1},"minecraft:picked_up":{"minecraft:birch_log":9,"minecraft:stick":2,"duneons:voidmoss":3,"duneons:voidblock":4,"minecraft:carrot":1,"minecraft:dirt":11,"minecraft:wheat_seeds":3,"minecraft:golden_apple":1,"minecraft:calcite":22,"minecraft:oak_sapling":1,"minecraft:mutton":1,"minecraft:birch_sapling":1,"minecraft:cobblestone":3}},"DataVersion":3465}