{"stats":{"minecraft:used":{"duneons:ravagergatewood_3":1,"minecraft:wooden_pickaxe":25,"minecraft:dirt":1,"minecraft:crafting_table":1,"minecraft:oak_sapling":1,"minecraft:carrot":7},"minecraft:mined":{"duneons:voidmoss":4,"minecraft:grass":16,"minecraft:calcite":25,"minecraft:grass_block":1,"minecraft:dirt":3,"minecraft:tall_grass":8},"minecraft:crafted":{"minecraft:crafting_table":1,"minecraft:wooden_pickaxe":1,"minecraft:birch_planks":36},"minecraft:custom":{"minecraft:time_since_rest":13511,"minecraft:sprint_one_cm":33097,"minecraft:damage_taken":1163,"minecraft:walk_one_cm":72989,"minecraft:mob_kills":1,"minecraft:drop":5,"minecraft:damage_dealt":46,"minecraft:interact_with_crafting_table":1,"minecraft:fly_one_cm":44395,"minecraft:open_chest":1,"minecraft:crouch_one_cm":3405,"minecraft:play_time":32944,"minecraft:deaths":2,"minecraft:sneak_time":1076,"minecraft:walk_under_water_one_cm":32661,"minecraft:jump":431,"minecraft:walk_on_water_one_cm":18195,"minecraft:time_since_death":14374,"minecraft:total_world_time":32944,"minecraft:damage_resisted":10,"minecraft:fall_one_cm":9739},"minecraft:killed":{"duneons:endlinge":1},"minecraft:dropped":{"minecraft:wheat_seeds":4,"duneons:rampartbrazier":1,"duneons:ravager_gatewood":1},"minecraft:picked_up":{"minecraft:birch_log":9,"minecraft:stick":2,"duneons:voidmoss":3,"duneons:voidblock":4,"minecraft:carrot":1,"minecraft:dirt":5,"minecraft:wheat_seeds":2,"minecraft:golden_apple":1,"minecraft:calcite":22,"minecraft:oak_sapling":1,"minecraft:mutton":1,"minecraft:birch_sapling":1}},"DataVersion":3465}