{"stats":{"minecraft:used":{"minecraft:stone_pickaxe":27,"minecraft:bone":1,"duneons:ravagergatewood_3":1,"minecraft:wooden_pickaxe":30,"duneons:rampartbrazier":1,"minecraft:gravel":2,"minecraft:stone_axe":37,"minecraft:dirt":1,"minecraft:cobblestone":1,"minecraft:crafting_table":1,"minecraft:oak_sapling":1,"minecraft:cooked_porkchop":1,"minecraft:carrot":18,"duneons:outpostbricks":9},"minecraft:mined":{"minecraft:coarse_dirt":8,"duneons:rampartbrazier":1,"duneons:voidmoss":4,"minecraft:grass":16,"minecraft:calcite":34,"minecraft:grass_block":9,"minecraft:oak_log":24,"minecraft:gravel":2,"minecraft:dirt":5,"minecraft:tall_grass":10,"minecraft:stone":9},"minecraft:crafted":{"minecraft:oak_planks":80,"minecraft:cooked_porkchop":1,"minecraft:crafting_table":1,"minecraft:stick":4,"minecraft:wooden_pickaxe":1,"minecraft:stone_pickaxe":1,"minecraft:birch_planks":36,"minecraft:stone_axe":1,"minecraft:air":0},"minecraft:custom":{"minecraft:time_since_rest":37511,"minecraft:interact_with_furnace":2,"minecraft:sprint_one_cm":61165,"minecraft:damage_taken":1313,"minecraft:walk_one_cm":115703,"minecraft:mob_kills":8,"minecraft:drop":10,"minecraft:damage_dealt":1140,"minecraft:swim_one_cm":2887,"minecraft:interact_with_crafting_table":5,"minecraft:fly_one_cm":80175,"minecraft:open_chest":2,"minecraft:crouch_one_cm":7356,"minecraft:play_time":56944,"minecraft:deaths":2,"minecraft:sneak_time":2097,"minecraft:walk_under_water_one_cm":33439,"minecraft:jump":782,"minecraft:walk_on_water_one_cm":19583,"minecraft:time_since_death":38374,"minecraft:total_world_time":56944,"minecraft:damage_resisted":10,"minecraft:fall_one_cm":19625},"minecraft:killed":{"duneons:endlinge":1,"minecraft:pig":4,"minecraft:villager":1},"minecraft:dropped":{"minecraft:wheat_seeds":4,"minecraft:oak_sapling":1,"duneons:rampartbrazier":1,"duneons:oakwoodbrew":1,"duneons:voidmoss":3,"duneons:outpostbricks":4,"minecraft:wooden_pickaxe":1,"duneons:ravager_gatewood":1},"minecraft:picked_up":{"minecraft:birch_log":9,"minecraft:stick":2,"minecraft:coarse_dirt":8,"duneons:rampartbrazier":1,"minecraft:gravel":2,"duneons:voidmoss":3,"minecraft:porkchop":10,"minecraft:oak_log":20,"duneons:voidblock":4,"minecraft:carrot":1,"minecraft:dirt":15,"minecraft:bone":1,"minecraft:wheat_seeds":3,"minecraft:golden_apple":1,"minecraft:calcite":31,"supplementaries:ash":1,"minecraft:oak_sapling":2,"minecraft:mutton":1,"minecraft:birch_sapling":1,"minecraft:cobblestone":7}},"DataVersion":3465}