{"stats":{"minecraft:mined":{"minecraft:tall_grass":1},"minecraft:custom":{"minecraft:jump":64,"minecraft:time_since_rest":962,"minecraft:deaths":1,"minecraft:sprint_one_cm":22586,"minecraft:play_time":14944,"minecraft:damage_taken":528,"minecraft:time_since_death":1293,"minecraft:walk_one_cm":26477,"minecraft:total_world_time":14944,"minecraft:drop":1,"minecraft:fall_one_cm":2598,"minecraft:fly_one_cm":17619},"minecraft:dropped":{"minecraft:wheat_seeds":2},"minecraft:picked_up":{"minecraft:golden_apple":1}},"DataVersion":3465}