{"stats":{"minecraft:custom":{"lootr:looted_stat":4,"minecraft:interact_with_furnace":32,"minecraft:mob_kills":9,"minecraft:interact_with_crafting_table":13,"minecraft:open_barrel":1,"minecraft:leave_game":2,"minecraft:time_since_death":58125,"minecraft:climb_one_cm":52,"minecraft:time_since_rest":58125,"minecraft:sprint_one_cm":67556,"minecraft:damage_taken":260,"minecraft:walk_one_cm":54447,"minecraft:drop":21,"minecraft:damage_dealt":1140,"minecraft:swim_one_cm":2758,"minecraft:fly_one_cm":77555,"minecraft:crouch_one_cm":19322,"minecraft:play_time":58125,"tombstone:undead_killed":2,"minecraft:sneak_time":4658,"minecraft:walk_under_water_one_cm":792,"minecraft:jump":417,"minecraft:walk_on_water_one_cm":655,"minecraft:total_world_time":58125,"minecraft:fall_one_cm":12015},"minecraft:broken":{"minecraft:stone_pickaxe":1},"minecraft:picked_up":{"iceandfire:dragon_skull_lightning":1,"minecraft:wheat":193,"minecraft:crafting_table":3,"born_in_chaos_v1:monster_flesh":1,"minecraft:stone_slab":1,"alexsmobs:acacia_blossom":1,"minecraft:dirt":2,"born_in_chaos_v1:monster_skin":1,"minecraft:iron_shovel":1,"minecraft:bone":3,"minecraft:acacia_planks":2,"minecraft:wheat_seeds":351,"minecraft:iron_ingot":16,"minecraft:acacia_sapling":8,"minecraft:furnace":2,"minecraft:stick":2,"minecraft:raw_iron":64,"apotheosis:gem":1,"iceandfire:dragonbone":15,"minecraft:acacia_log":22,"tombstone:grave_dust":4,"alexsmobs:kangaroo_hide":1,"duneons:driedhaybales":7,"minecraft:hay_block":26,"minecraft:bone_meal":2,"alexsmobs:maggot":5,"tombstone:magic_scroll":1,"alexsmobs:kangaroo_meat":2,"minecraft:coal":68,"minecraft:cobblestone":27},"minecraft:mined":{"minecraft:crafting_table":3,"duneons:driedhaybales":7,"minecraft:acacia_log":22,"minecraft:grass_block":1,"minecraft:stone_slab":1,"minecraft:tall_grass":3,"minecraft:hay_block":26,"minecraft:furnace":2,"minecraft:iron_ore":64,"minecraft:wheat":4,"minecraft:grass":2,"minecraft:coal_ore":45,"minecraft:dirt":1,"minecraft:stone":27},"minecraft:crafted":{"minecraft:crafting_table":2,"minecraft:wooden_pickaxe":1,"minecraft:iron_helmet":1,"alexsmobs:cooked_kangaroo_meat":2,"minecraft:iron_sword":1,"minecraft:furnace":2,"minecraft:bucket":1,"minecraft:bread":64,"minecraft:air":0,"minecraft:iron_boots":1,"minecraft:iron_chestplate":1,"minecraft:iron_axe":1,"minecraft:stick":16,"minecraft:iron_ingot":48,"minecraft:iron_pickaxe":1,"minecraft:stone_pickaxe":1,"minecraft:iron_leggings":1,"minecraft:acacia_planks":20,"minecraft:stone_hoe":2},"minecraft:killed":{"minecraft:spider":1,"born_in_chaos_v1:decrepit_skeleton":2,"born_in_chaos_v1:dread_hound":1,"born_in_chaos_v1:corpse_fly":1,"realmrpg_demons:chort":1,"alexsmobs:fly":2,"alexsmobs:kangaroo":1},"minecraft:used":{"minecraft:wheat_seeds":87,"minecraft:iron_shovel":2,"minecraft:stone_pickaxe":131,"minecraft:wooden_pickaxe":4,"minecraft:stone_hoe":26,"minecraft:dirt":2,"minecraft:crafting_table":5,"alexsmobs:cooked_kangaroo_meat":2,"alexsmobs:maggot":2,"born_in_chaos_v1:monster_flesh":1,"minecraft:iron_axe":39,"minecraft:bread":3,"minecraft:iron_pickaxe":4,"minecraft:stone_slab":1,"minecraft:cobblestone":2,"minecraft:furnace":2,"minecraft:bucket":1,"alexsmobs:animal_dictionary":1},"minecraft:dropped":{"alexsmobs:maggot":3,"minecraft:wheat_seeds":264,"alexsmobs:acacia_blossom":1,"minecraft:stick":1,"apotheosis:gem":1,"minecraft:acacia_sapling":8,"tombstone:grave_dust":2,"minecraft:bone_meal":2,"minecraft:wooden_pickaxe":1,"iceandfire:dragon_skull_lightning":1,"minecraft:acacia_planks":3,"minecraft:bone":1}},"DataVersion":3465}