{"stats":{"minecraft:used":{"minecraft:birch_planks":2,"farmersdelight:golden_knife":23,"duneons:voidblock":2,"minecraft:crafting_table":2,"tombstone:bag_of_seeds":1,"minecraft:wooden_axe":30,"minecraft:apple":6,"minecraft:iron_pickaxe":42,"minecraft:stone_axe":124,"minecraft:cobblestone":3,"minecraft:furnace":2,"minecraft:cooked_porkchop":2,"duneons:leaveswindswept":2},"minecraft:mined":{"duneons:voidblock":7,"minecraft:crafting_table":1,"minecraft:grass_block":1,"minecraft:calcite":1,"minecraft:tall_grass":12,"duneons:leaveswindswept":1,"duneons:void_flames":1,"minecraft:birch_log":12,"minecraft:grass":18,"minecraft:oak_log":91,"minecraft:coal_ore":4,"minecraft:stone":26},"minecraft:crafted":{"minecraft:oak_planks":8,"minecraft:cooked_porkchop":7,"minecraft:crafting_table":2,"minecraft:furnace":2,"minecraft:birch_planks":8,"minecraft:stone_axe":1,"minecraft:air":0,"minecraft:stick":4,"minecraft:wooden_axe":1},"minecraft:custom":{"minecraft:interact_with_furnace":4,"lootr:looted_stat":2,"minecraft:mob_kills":18,"minecraft:interact_with_crafting_table":3,"minecraft:damage_dealt_resisted":0,"minecraft:leave_game":3,"minecraft:time_since_death":16805,"minecraft:time_since_rest":16412,"minecraft:sprint_one_cm":40700,"minecraft:walk_one_cm":94273,"minecraft:damage_taken":696,"minecraft:drop":19,"minecraft:damage_dealt":3484,"minecraft:swim_one_cm":12998,"minecraft:fly_one_cm":150368,"minecraft:open_chest":2,"minecraft:crouch_one_cm":3255,"minecraft:play_time":26914,"tombstone:undead_killed":2,"minecraft:deaths":1,"minecraft:sneak_time":906,"minecraft:walk_under_water_one_cm":11243,"minecraft:jump":666,"minecraft:walk_on_water_one_cm":12924,"minecraft:total_world_time":26914,"minecraft:fall_one_cm":72424},"minecraft:killed":{"minecraft:pig":8,"duneons:endersent":1,"alexsmobs:raccoon":1,"alexsmobs:seagull":2,"minecraft:sheep":1,"iceandfire:ghost":2,"minecraft:chicken":2,"born_in_chaos_v1:corpse_fish":1},"minecraft:dropped":{"minecraft:wheat_seeds":5,"alexsmobs:animal_dictionary":1,"minecraft:cocoa_beans":2,"minecraft:birch_sapling":1,"iceandfire:ectoplasm":1,"minecraft:golden_apple":1,"patchouli:guide_book":3,"duneons:voidblock":1,"farmersdelight:golden_knife":1,"minecraft:mutton":1,"minecraft:wooden_axe":1,"minecraft:beetroot_seeds":3,"minecraft:calcite":3,"alexsmobs:raccoon_tail":1},"minecraft:broken":{"minecraft:stone_axe":1,"minecraft:wooden_axe":1},"minecraft:picked_up":{"minecraft:wooden_axe":1,"minecraft:birch_log":2,"minecraft:crafting_table":1,"minecraft:feather":3,"minecraft:chicken":2,"minecraft:oak_log":80,"iceandfire:ectoplasm":1,"duneons:voidblock":3,"minecraft:apple":6,"minecraft:wheat_seeds":5,"farmersdelight:straw":2,"minecraft:calcite":3,"minecraft:ender_eye":1,"alexsmobs:raccoon_tail":1,"minecraft:birch_sapling":1,"minecraft:stick":15,"minecraft:porkchop":16,"duneons:leaveswindswept":1,"minecraft:bone_meal":2,"minecraft:oak_sapling":25,"minecraft:mutton":1,"minecraft:coal":4,"minecraft:white_wool":1,"minecraft:cobblestone":26}},"DataVersion":3465}