{"stats":{"minecraft:used":{"tombstone:bag_of_seeds":1,"farmersdelight:golden_knife":10},"minecraft:mined":{"minecraft:grass":5,"minecraft:tall_grass":5},"minecraft:custom":{"minecraft:time_since_rest":6136,"minecraft:play_time":6136,"lootr:looted_stat":1,"minecraft:sprint_one_cm":10228,"minecraft:damage_taken":117,"minecraft:walk_one_cm":11144,"minecraft:drop":9,"minecraft:damage_dealt_resisted":0,"minecraft:jump":190,"minecraft:damage_dealt":229,"minecraft:leave_game":2,"minecraft:time_since_death":6136,"minecraft:total_world_time":6136,"minecraft:fall_one_cm":32810,"minecraft:fly_one_cm":71127},"minecraft:dropped":{"minecraft:wheat_seeds":3,"alexsmobs:animal_dictionary":1,"minecraft:cocoa_beans":2,"minecraft:beetroot_seeds":3,"minecraft:golden_apple":1,"patchouli:guide_book":3},"minecraft:picked_up":{"minecraft:wheat_seeds":3}},"DataVersion":3465}