{"stats":{"minecraft:used":{"tombstone:bag_of_seeds":1,"minecraft:wooden_axe":11,"minecraft:birch_planks":2,"farmersdelight:golden_knife":23,"minecraft:crafting_table":1},"minecraft:mined":{"minecraft:birch_log":2,"minecraft:grass":10,"minecraft:oak_log":1,"minecraft:tall_grass":7},"minecraft:crafted":{"minecraft:oak_planks":4,"minecraft:crafting_table":1,"minecraft:stick":4,"minecraft:wooden_axe":1,"minecraft:birch_planks":8},"minecraft:custom":{"minecraft:time_since_rest":1634,"lootr:looted_stat":1,"minecraft:sprint_one_cm":15750,"minecraft:damage_taken":220,"minecraft:walk_one_cm":56416,"minecraft:mob_kills":3,"minecraft:drop":11,"minecraft:damage_dealt":1218,"minecraft:swim_one_cm":7185,"minecraft:interact_with_crafting_table":1,"minecraft:fly_one_cm":95946,"minecraft:open_chest":2,"minecraft:crouch_one_cm":43,"minecraft:play_time":12136,"tombstone:undead_killed":1,"minecraft:deaths":1,"minecraft:sneak_time":85,"minecraft:walk_under_water_one_cm":8464,"minecraft:jump":359,"minecraft:damage_dealt_resisted":0,"minecraft:leave_game":2,"minecraft:time_since_death":2027,"minecraft:walk_on_water_one_cm":5182,"minecraft:total_world_time":12136,"minecraft:fall_one_cm":44396},"minecraft:killed":{"iceandfire:ghost":1,"born_in_chaos_v1:corpse_fish":1,"alexsmobs:seagull":1},"minecraft:dropped":{"farmersdelight:golden_knife":1,"minecraft:wheat_seeds":4,"alexsmobs:animal_dictionary":1,"minecraft:cocoa_beans":2,"minecraft:beetroot_seeds":3,"patchouli:guide_book":3,"minecraft:golden_apple":1},"minecraft:picked_up":{"minecraft:birch_log":2,"minecraft:feather":2,"minecraft:oak_log":1,"minecraft:wheat_seeds":4,"minecraft:bone_meal":1}},"DataVersion":3465}