{"stats":{"minecraft:custom":{"minecraft:time_since_rest":22125,"minecraft:crouch_one_cm":12337,"minecraft:play_time":22125,"minecraft:sprint_one_cm":24124,"minecraft:damage_taken":20,"minecraft:walk_one_cm":9957,"minecraft:sneak_time":3186,"minecraft:drop":2,"minecraft:jump":197,"minecraft:leave_game":2,"minecraft:time_since_death":22125,"minecraft:total_world_time":22125,"minecraft:interact_with_crafting_table":2,"minecraft:fall_one_cm":5238,"minecraft:fly_one_cm":36207},"minecraft:picked_up":{"iceandfire:dragon_skull_lightning":1,"minecraft:raw_iron":63,"iceandfire:dragonbone":15,"minecraft:acacia_log":4,"minecraft:coal":29,"minecraft:cobblestone":9},"minecraft:mined":{"minecraft:acacia_log":4,"minecraft:coal_ore":29,"minecraft:iron_ore":63,"minecraft:stone":9},"minecraft:crafted":{"minecraft:acacia_planks":16,"minecraft:crafting_table":1,"minecraft:stick":8,"minecraft:wooden_pickaxe":1,"minecraft:stone_pickaxe":1},"minecraft:used":{"minecraft:cobblestone":2,"minecraft:crafting_table":1,"minecraft:stone_pickaxe":97,"alexsmobs:animal_dictionary":1,"minecraft:wooden_pickaxe":4},"minecraft:dropped":{"minecraft:wooden_pickaxe":1,"iceandfire:dragon_skull_lightning":1}},"DataVersion":3465}