{"stats":{"minecraft:custom":{"minecraft:time_since_rest":34125,"minecraft:interact_with_furnace":32,"minecraft:sprint_one_cm":31760,"minecraft:damage_taken":220,"minecraft:walk_one_cm":36235,"minecraft:mob_kills":9,"minecraft:drop":9,"minecraft:damage_dealt":1140,"minecraft:interact_with_crafting_table":10,"minecraft:fly_one_cm":45124,"minecraft:crouch_one_cm":17325,"tombstone:undead_killed":2,"minecraft:play_time":34125,"minecraft:sneak_time":4226,"minecraft:jump":284,"minecraft:leave_game":2,"minecraft:time_since_death":34125,"minecraft:total_world_time":34125,"minecraft:fall_one_cm":7179},"minecraft:broken":{"minecraft:stone_pickaxe":1},"minecraft:picked_up":{"iceandfire:dragon_skull_lightning":1,"minecraft:crafting_table":1,"minecraft:raw_iron":64,"iceandfire:dragonbone":15,"born_in_chaos_v1:monster_flesh":1,"minecraft:stone_slab":1,"minecraft:acacia_log":14,"tombstone:grave_dust":4,"minecraft:iron_shovel":1,"born_in_chaos_v1:monster_skin":1,"alexsmobs:kangaroo_hide":1,"minecraft:bone":3,"minecraft:iron_ingot":16,"tombstone:magic_scroll":1,"alexsmobs:maggot":5,"minecraft:acacia_sapling":1,"minecraft:coal":68,"alexsmobs:kangaroo_meat":2,"minecraft:cobblestone":25,"minecraft:furnace":2},"minecraft:mined":{"minecraft:furnace":2,"minecraft:iron_ore":64,"minecraft:crafting_table":1,"minecraft:acacia_log":14,"minecraft:coal_ore":45,"minecraft:stone_slab":1,"minecraft:stone":25},"minecraft:crafted":{"minecraft:iron_boots":1,"minecraft:iron_chestplate":1,"minecraft:iron_axe":1,"minecraft:crafting_table":2,"minecraft:stick":8,"minecraft:wooden_pickaxe":1,"minecraft:iron_ingot":48,"minecraft:iron_helmet":1,"minecraft:iron_pickaxe":1,"minecraft:stone_pickaxe":1,"alexsmobs:cooked_kangaroo_meat":2,"minecraft:iron_leggings":1,"minecraft:furnace":2,"minecraft:acacia_planks":16,"minecraft:bucket":1,"minecraft:air":0},"minecraft:killed":{"born_in_chaos_v1:dread_hound":1,"born_in_chaos_v1:corpse_fly":1,"realmrpg_demons:chort":1,"minecraft:spider":1,"alexsmobs:fly":2,"alexsmobs:kangaroo":1,"born_in_chaos_v1:decrepit_skeleton":2},"minecraft:used":{"alexsmobs:maggot":1,"born_in_chaos_v1:monster_flesh":1,"minecraft:iron_axe":28,"minecraft:stone_pickaxe":131,"minecraft:iron_pickaxe":2,"minecraft:wooden_pickaxe":4,"minecraft:stone_slab":1,"minecraft:cobblestone":2,"minecraft:crafting_table":2,"minecraft:furnace":2,"alexsmobs:cooked_kangaroo_meat":2,"alexsmobs:animal_dictionary":1},"minecraft:dropped":{"alexsmobs:maggot":3,"minecraft:acacia_sapling":1,"tombstone:grave_dust":2,"minecraft:wooden_pickaxe":1,"iceandfire:dragon_skull_lightning":1,"minecraft:acacia_planks":1,"minecraft:bone":1}},"DataVersion":3465}