{"stats":{"minecraft:custom":{"minecraft:time_since_rest":7630,"minecraft:sprint_one_cm":1146,"minecraft:play_time":7630,"minecraft:damage_taken":50,"minecraft:walk_one_cm":11901,"minecraft:jump":19,"minecraft:damage_dealt":6,"minecraft:leave_game":2,"minecraft:time_since_death":7630,"minecraft:total_world_time":7630,"minecraft:interact_with_crafting_table":1,"minecraft:fly_one_cm":28605},"minecraft:picked_up":{"minecraft:crafting_table":1,"alexsmobs:acacia_blossom":1,"minecraft:acacia_log":10,"minecraft:acacia_sapling":3},"minecraft:mined":{"minecraft:grass":2,"minecraft:acacia_log":10,"minecraft:crafting_table":1},"minecraft:crafted":{"minecraft:acacia_planks":40,"minecraft:crafting_table":1,"minecraft:stick":8,"minecraft:wooden_pickaxe":1,"minecraft:wooden_axe":1},"minecraft:used":{"minecraft:wooden_axe":1,"minecraft:crafting_table":1}},"DataVersion":3465}