{"stats":{"minecraft:used":{"born_in_chaos_v1:corpse_maggot":2,"minecraft:diamond_pickaxe":2,"minecraft:apple":1,"minecraft:iron_axe":51,"farmersdelight:golden_knife":46,"duneons:ravagergatewood_3":1,"minecraft:spruce_planks":9,"tombstone:grave_key":1,"minecraft:rotten_flesh":2,"minecraft:stick":1,"minecraft:crafting_table":1,"minecraft:carrot":4,"tombstone:gift":2,"alexsmobs:animal_dictionary":1},"minecraft:mined":{"minecraft:coarse_dirt":1,"minecraft:spruce_planks":2,"iceandfire:graveyard_soil":1,"minecraft:kelp_plant":1,"minecraft:spruce_log":7,"minecraft:tnt":3,"minecraft:grass":45,"minecraft:grass_block":2,"minecraft:vine":1,"minecraft:dirt":5,"minecraft:tall_grass":15,"minecraft:fern":1,"minecraft:spawner":2},"minecraft:crafted":{"minecraft:diamond_pickaxe":1,"minecraft:crafting_table":1,"minecraft:stick":4,"minecraft:spruce_planks":28},"minecraft:custom":{"minecraft:time_since_rest":16536,"lootr:looted_stat":3,"minecraft:sprint_one_cm":110054,"minecraft:damage_absorbed":345,"minecraft:damage_taken":453,"minecraft:walk_one_cm":102165,"minecraft:trigger_trapped_chest":1,"minecraft:mob_kills":19,"minecraft:drop":9,"minecraft:damage_dealt":2615,"minecraft:swim_one_cm":26579,"minecraft:interact_with_crafting_table":2,"minecraft:fly_one_cm":134784,"minecraft:open_chest":5,"minecraft:crouch_one_cm":1536,"minecraft:play_time":35332,"tombstone:undead_killed":14,"minecraft:deaths":1,"minecraft:sneak_time":704,"minecraft:walk_under_water_one_cm":3250,"minecraft:jump":625,"minecraft:damage_dealt_resisted":106,"minecraft:time_since_death":17775,"minecraft:walk_on_water_one_cm":9463,"minecraft:climb_one_cm":16,"minecraft:total_world_time":35332,"minecraft:fall_one_cm":12623},"minecraft:killed":{"minecraft:zombie":4,"iceandfire:ghost":3,"born_in_chaos_v1:corpse_fly":4,"born_in_chaos_v1:skeleton_thrasher_not_despawn":1,"alexsmobs:seagull":1,"born_in_chaos_v1:siamese_skeletonsright":1,"born_in_chaos_v1:siamese_skeletonsleft":1,"duneons:mountaineer":4},"minecraft:dropped":{"farmersdelight:golden_knife":1,"minecraft:wheat_seeds":1,"alexsmobs:animal_dictionary":1,"tombstone:grave_key":1,"iceandfire:ectoplasm":1,"patchouli:guide_book":3,"minecraft:spruce_sapling":2},"minecraft:picked_up":{"born_in_chaos_v1:shattered_skull":1,"born_in_chaos_v1:corpse_maggot":3,"minecraft:coarse_dirt":1,"born_in_chaos_v1:pieceofdarkmetal":1,"minecraft:spruce_sapling":2,"iceandfire:ectoplasm":1,"tombstone:grave_dust":4,"minecraft:spruce_log":7,"minecraft:dirt":3,"minecraft:tnt":3,"minecraft:bone":4,"minecraft:rotten_flesh":2,"iceandfire:graveyard_soil":1,"minecraft:wheat_seeds":6,"minecraft:spruce_planks":2,"minecraft:iron_ingot":1,"farmersdelight:straw":5,"tombstone:magic_scroll":1,"farmersdelight:golden_knife":1}},"DataVersion":3465}