{"stats":{"minecraft:broken":{"duneons:goatgear_helmet":1},"minecraft:crafted":{"sophisticatedbackpacks:backpack":1,"minecraft:crafting_table":1,"minecraft:spruce_planks":76,"sophisticatedbackpacks:gold_backpack":1,"minecraft:leather":4,"minecraft:diamond_pickaxe":1,"minecraft:stick":4,"minecraft:chest":3,"sophisticatedbackpacks:iron_backpack":1},"minecraft:killed":{"minecraft:vex":5,"minecraft:cave_spider":7,"minecraft:spider":11,"alexsmobs:seagull":1,"born_in_chaos_v1:skeleton_thrasher_not_despawn":1,"born_in_chaos_v1:siamese_skeletonsright":1,"born_in_chaos_v1:baby_skeleton_minion":3,"duneons:mountaineer":7,"born_in_chaos_v1:maggot":2,"minecraft:zombie":5,"iceandfire:ghost":3,"born_in_chaos_v1:corpse_fly":5,"born_in_chaos_v1:bonescaller_not_despawn":2,"minecraft:stray":12,"born_in_chaos_v1:siamese_skeletonsleft":1},"minecraft:custom":{"lootr:looted_stat":16,"minecraft:mob_kills":71,"minecraft:interact_with_crafting_table":10,"minecraft:open_barrel":21,"minecraft:damage_dealt_resisted":1329,"minecraft:leave_game":1,"minecraft:time_since_death":29161,"minecraft:climb_one_cm":16,"minecraft:damage_resisted":0,"minecraft:time_since_rest":28727,"minecraft:damage_absorbed":1629,"minecraft:sprint_one_cm":189442,"minecraft:damage_taken":1366,"minecraft:walk_one_cm":208975,"minecraft:trigger_trapped_chest":1,"minecraft:drop":15,"minecraft:damage_dealt":8103,"minecraft:swim_one_cm":39333,"minecraft:fly_one_cm":182521,"minecraft:open_chest":15,"minecraft:crouch_one_cm":4320,"minecraft:play_time":73849,"tombstone:undead_killed":32,"minecraft:deaths":2,"minecraft:sneak_time":1733,"minecraft:walk_under_water_one_cm":6432,"minecraft:jump":1039,"minecraft:interact_with_brewingstand":1,"minecraft:walk_on_water_one_cm":12121,"minecraft:total_world_time":73849,"minecraft:fall_one_cm":20169},"minecraft:mined":{"minecraft:spruce_planks":2,"iceandfire:graveyard_soil":1,"minecraft:kelp_plant":1,"minecraft:grass_block":2,"minecraft:cobblestone":1,"minecraft:tall_grass":15,"minecraft:spruce_leaves":2,"minecraft:spawner":7,"minecraft:chain":2,"minecraft:coarse_dirt":1,"minecraft:spruce_log":26,"minecraft:tnt":3,"minecraft:grass":45,"minecraft:bookshelf":1,"minecraft:vine":1,"minecraft:dirt":5,"minecraft:iron_block":2,"minecraft:spruce_slab":1,"minecraft:fern":1},"minecraft:dropped":{"minecraft:enchanted_book":1,"minecraft:wheat_seeds":1,"duneons:goatgear_chestplate":1,"alexsmobs:animal_dictionary":1,"minecraft:tnt":3,"iceandfire:ectoplasm":1,"patchouli:guide_book":3,"farmersdelight:golden_knife":1,"minecraft:spruce_planks":7,"tombstone:grave_key":1,"minecraft:diamond_pickaxe":1,"minecraft:iron_axe":1,"minecraft:spruce_sapling":2},"minecraft:picked_up":{"born_in_chaos_v1:corpse_maggot":7,"minecraft:coarse_dirt":1,"born_in_chaos_v1:monster_flesh":2,"born_in_chaos_v1:spiritual_dust":2,"born_in_chaos_v1:seedof_chaos":7,"minecraft:chain":2,"iceandfire:ectoplasm":1,"minecraft:dirt":3,"minecraft:string":27,"minecraft:iron_axe":1,"born_in_chaos_v1:monster_skin":2,"minecraft:bone":16,"iceandfire:graveyard_soil":1,"minecraft:wheat_seeds":6,"minecraft:spruce_planks":9,"minecraft:iron_ingot":4,"farmersdelight:straw":5,"minecraft:spruce_slab":1,"farmersdelight:golden_knife":1,"minecraft:tipped_arrow":6,"apotheosis:gem":2,"born_in_chaos_v1:shattered_skull":2,"irons_spellbooks:frozen_bone":51,"born_in_chaos_v1:orbofthe_summoner":1,"minecraft:spruce_sapling":2,"tombstone:grave_dust":7,"minecraft:spruce_log":19,"born_in_chaos_v1:pieceofdarkmetal":1,"minecraft:spider_eye":10,"tombstone:lollipop":3,"minecraft:tnt":3,"minecraft:arrow":11,"minecraft:rotten_flesh":4,"minecraft:iron_block":2,"tombstone:magic_scroll":1,"minecraft:cobblestone":1,"minecraft:diamond_pickaxe":1},"minecraft:used":{"farmersdelight:golden_knife":46,"duneons:ravagergatewood_3":1,"minecraft:chest":2,"minecraft:spruce_planks":33,"minecraft:rotten_flesh":4,"minecraft:stick":1,"minecraft:crafting_table":1,"minecraft:carrot":24,"minecraft:diamond_pickaxe":15,"born_in_chaos_v1:corpse_maggot":2,"minecraft:apple":1,"minecraft:iron_axe":155,"minecraft:bread":5,"tombstone:magic_scroll":2,"tombstone:grave_key":1,"minecraft:diamond_sword":17,"tombstone:gift":3,"alexsmobs:animal_dictionary":1,"minecraft:potato":4}},"DataVersion":3465}