{"stats":{"minecraft:used":{"farmersdelight:golden_knife":46,"duneons:ravagergatewood_3":1,"minecraft:chest":2,"minecraft:spruce_planks":9,"minecraft:rotten_flesh":4,"minecraft:stick":1,"minecraft:crafting_table":1,"minecraft:carrot":15,"born_in_chaos_v1:corpse_maggot":2,"minecraft:diamond_pickaxe":8,"minecraft:apple":1,"minecraft:iron_axe":140,"tombstone:grave_key":1,"tombstone:gift":3,"alexsmobs:animal_dictionary":1,"minecraft:potato":4},"minecraft:mined":{"minecraft:spruce_planks":2,"iceandfire:graveyard_soil":1,"minecraft:kelp_plant":1,"minecraft:grass_block":2,"minecraft:tall_grass":15,"minecraft:spawner":7,"minecraft:coarse_dirt":1,"minecraft:spruce_log":26,"minecraft:tnt":3,"minecraft:grass":45,"minecraft:vine":1,"minecraft:dirt":5,"minecraft:fern":1},"minecraft:crafted":{"minecraft:crafting_table":1,"minecraft:spruce_planks":76,"minecraft:diamond_pickaxe":1,"minecraft:stick":4,"minecraft:chest":2},"minecraft:custom":{"lootr:looted_stat":4,"minecraft:mob_kills":60,"minecraft:interact_with_crafting_table":5,"minecraft:open_barrel":13,"minecraft:damage_dealt_resisted":241,"minecraft:time_since_death":2644,"minecraft:climb_one_cm":16,"minecraft:time_since_rest":2210,"minecraft:walk_one_cm":144528,"minecraft:sprint_one_cm":122540,"minecraft:damage_taken":947,"minecraft:damage_absorbed":1455,"minecraft:trigger_trapped_chest":1,"minecraft:drop":10,"minecraft:damage_dealt":5975,"minecraft:swim_one_cm":26579,"minecraft:fly_one_cm":145369,"minecraft:open_chest":9,"minecraft:crouch_one_cm":2051,"minecraft:play_time":47332,"tombstone:undead_killed":27,"minecraft:deaths":2,"minecraft:sneak_time":856,"minecraft:walk_under_water_one_cm":3250,"minecraft:jump":765,"minecraft:walk_on_water_one_cm":9685,"minecraft:total_world_time":47332,"minecraft:fall_one_cm":12623},"minecraft:killed":{"minecraft:vex":5,"minecraft:cave_spider":7,"minecraft:spider":11,"alexsmobs:seagull":1,"born_in_chaos_v1:skeleton_thrasher_not_despawn":1,"born_in_chaos_v1:siamese_skeletonsright":1,"duneons:mountaineer":4,"born_in_chaos_v1:maggot":2,"minecraft:zombie":5,"iceandfire:ghost":3,"born_in_chaos_v1:corpse_fly":5,"minecraft:stray":12,"born_in_chaos_v1:siamese_skeletonsleft":1},"minecraft:dropped":{"minecraft:wheat_seeds":1,"alexsmobs:animal_dictionary":1,"iceandfire:ectoplasm":1,"patchouli:guide_book":3,"farmersdelight:golden_knife":1,"minecraft:spruce_planks":7,"tombstone:grave_key":1,"minecraft:spruce_sapling":2},"minecraft:picked_up":{"born_in_chaos_v1:corpse_maggot":7,"minecraft:coarse_dirt":1,"iceandfire:ectoplasm":1,"minecraft:dirt":3,"minecraft:string":27,"minecraft:bone":12,"iceandfire:graveyard_soil":1,"minecraft:wheat_seeds":6,"minecraft:spruce_planks":9,"farmersdelight:straw":5,"minecraft:iron_ingot":1,"farmersdelight:golden_knife":1,"minecraft:tipped_arrow":6,"irons_spellbooks:frozen_bone":51,"apotheosis:gem":2,"born_in_chaos_v1:shattered_skull":1,"minecraft:spruce_sapling":2,"tombstone:grave_dust":7,"minecraft:spruce_log":19,"born_in_chaos_v1:pieceofdarkmetal":1,"minecraft:spider_eye":10,"tombstone:lollipop":2,"minecraft:tnt":3,"minecraft:arrow":11,"minecraft:rotten_flesh":4,"tombstone:magic_scroll":1}},"DataVersion":3465}