{"stats":{"minecraft:used":{"farmersdelight:golden_knife":39,"tombstone:gift":2,"alexsmobs:animal_dictionary":1,"tombstone:grave_key":1},"minecraft:mined":{"minecraft:grass":41,"minecraft:kelp_plant":1,"minecraft:tall_grass":14,"minecraft:spruce_log":7},"minecraft:crafted":{"minecraft:spruce_planks":28},"minecraft:custom":{"minecraft:open_chest":3,"minecraft:time_since_rest":4536,"lootr:looted_stat":1,"minecraft:crouch_one_cm":1141,"minecraft:deaths":1,"minecraft:play_time":23332,"minecraft:sprint_one_cm":68735,"tombstone:undead_killed":7,"minecraft:damage_taken":411,"minecraft:walk_one_cm":49964,"minecraft:sneak_time":327,"minecraft:walk_under_water_one_cm":1742,"minecraft:mob_kills":4,"minecraft:drop":7,"minecraft:damage_dealt_resisted":0,"minecraft:jump":427,"minecraft:damage_dealt":530,"minecraft:walk_on_water_one_cm":8134,"minecraft:time_since_death":5775,"minecraft:total_world_time":23332,"minecraft:swim_one_cm":21510,"minecraft:fall_one_cm":8728,"minecraft:fly_one_cm":99681},"minecraft:killed":{"iceandfire:ghost":2,"born_in_chaos_v1:siamese_skeletonsright":1,"born_in_chaos_v1:siamese_skeletonsleft":1},"minecraft:dropped":{"minecraft:wheat_seeds":1,"alexsmobs:animal_dictionary":1,"tombstone:grave_key":1,"patchouli:guide_book":3,"minecraft:spruce_sapling":2},"minecraft:picked_up":{"minecraft:wheat_seeds":6,"farmersdelight:straw":1,"minecraft:spruce_sapling":2,"tombstone:grave_dust":2,"minecraft:spruce_log":7}},"DataVersion":3465}