{"stats":{"minecraft:used":{"alexsmobs:animal_dictionary":1},"minecraft:mined":{"minecraft:grass":29,"minecraft:tall_grass":11,"minecraft:spruce_log":7},"minecraft:crafted":{"minecraft:spruce_planks":28},"minecraft:custom":{"minecraft:time_since_rest":17332,"minecraft:crouch_one_cm":571,"minecraft:play_time":17332,"minecraft:sprint_one_cm":29420,"tombstone:undead_killed":3,"minecraft:damage_taken":228,"minecraft:walk_one_cm":31364,"minecraft:sneak_time":180,"minecraft:mob_kills":2,"minecraft:drop":6,"minecraft:jump":220,"minecraft:damage_dealt":176,"minecraft:time_since_death":17332,"minecraft:total_world_time":17332,"minecraft:fall_one_cm":4005,"minecraft:fly_one_cm":57169},"minecraft:killed":{"born_in_chaos_v1:siamese_skeletonsright":1,"born_in_chaos_v1:siamese_skeletonsleft":1},"minecraft:dropped":{"minecraft:wheat_seeds":1,"alexsmobs:animal_dictionary":1,"patchouli:guide_book":3,"minecraft:spruce_sapling":2},"minecraft:picked_up":{"minecraft:wheat_seeds":6,"minecraft:spruce_sapling":2,"minecraft:spruce_log":7}},"DataVersion":3465}