{"stats":{"minecraft:custom":{"minecraft:time_since_rest":1,"lootr:looted_stat":14,"minecraft:sprint_one_cm":70585,"minecraft:damage_taken":527,"minecraft:walk_one_cm":66022,"minecraft:damage_blocked_by_shield":85,"minecraft:mob_kills":2,"minecraft:damage_dealt":352,"minecraft:interact_with_crafting_table":3,"minecraft:fly_one_cm":39202,"minecraft:crouch_one_cm":86,"minecraft:play_time":47482,"tombstone:undead_killed":1,"minecraft:deaths":3,"minecraft:sneak_time":48,"minecraft:jump":224,"minecraft:interact_with_blast_furnace":1,"minecraft:leave_game":3,"minecraft:walk_on_water_one_cm":502,"minecraft:time_since_death":1289,"minecraft:climb_one_cm":2707,"minecraft:total_world_time":47482,"minecraft:fall_one_cm":5442},"minecraft:picked_up":{"minecraft:stick":1,"minecraft:crafting_table":1,"duneons:swamplog":1,"alexsmobs:acacia_blossom":1,"minecraft:acacia_log":10,"minecraft:potion":2,"minecraft:white_banner":1,"minecraft:cyan_carpet":2,"minecraft:coal_block":2,"minecraft:coal":1,"minecraft:acacia_sapling":2,"minecraft:cobblestone":19},"minecraft:mined":{"minecraft:acacia_leaves":2,"minecraft:white_wall_banner":1,"minecraft:crafting_table":1,"minecraft:grass":1,"minecraft:acacia_log":10,"duneons:swamplog":1,"minecraft:cyan_carpet":2,"minecraft:coal_block":2,"minecraft:deepslate_coal_ore":1,"minecraft:stone":20,"minecraft:spawner":3},"minecraft:crafted":{"minecraft:shield":2,"minecraft:crafting_table":1,"duneons:swamp_planks":4,"minecraft:stick":8,"minecraft:wooden_pickaxe":1,"minecraft:iron_pickaxe":1,"minecraft:stone_pickaxe":1,"minecraft:acacia_planks":40,"minecraft:stone_axe":1},"minecraft:used":{"minecraft:apple":2,"minecraft:stone_pickaxe":1,"minecraft:iron_pickaxe":6,"minecraft:wooden_pickaxe":20,"minecraft:shield":3,"minecraft:stone_axe":9,"minecraft:crafting_table":2,"tombstone:gift":2},"minecraft:killed":{"minecraft:skeleton":1,"minecraft:frog":1}},"DataVersion":3465}