{"stats":{"minecraft:used":{"minecraft:wooden_axe":39,"minecraft:apple":2,"minecraft:stone_pickaxe":3,"minecraft:wooden_pickaxe":9,"tombstone:lollipop":1,"minecraft:stone_axe":21,"minecraft:mutton":1,"minecraft:cobblestone":11,"minecraft:crafting_table":3,"minecraft:carrot":8},"minecraft:mined":{"minecraft:spruce_log":27,"minecraft:crafting_table":2,"minecraft:grass":2,"minecraft:coal_ore":4,"minecraft:campfire":1,"minecraft:cobblestone":3,"minecraft:spruce_leaves":7,"minecraft:stone":37,"minecraft:spawner":3},"minecraft:crafted":{"minecraft:crafting_table":1,"minecraft:stick":4,"minecraft:spruce_planks":32,"minecraft:wooden_pickaxe":1,"minecraft:stone_pickaxe":1,"minecraft:wooden_axe":1,"minecraft:stone_axe":1},"minecraft:custom":{"minecraft:time_since_rest":17257,"minecraft:waystone_activated":1,"minecraft:sprint_one_cm":17249,"lootr:looted_stat":5,"minecraft:damage_taken":180,"minecraft:walk_one_cm":50657,"minecraft:mob_kills":11,"tombstone:eaten_lollipop":1,"minecraft:damage_dealt":2159,"minecraft:swim_one_cm":1529,"minecraft:interact_with_crafting_table":3,"minecraft:fly_one_cm":70013,"minecraft:open_barrel":11,"minecraft:play_time":17257,"tombstone:undead_killed":2,"minecraft:sneak_time":5,"minecraft:walk_under_water_one_cm":6028,"minecraft:damage_dealt_resisted":0,"minecraft:jump":418,"minecraft:time_since_death":17257,"minecraft:walk_on_water_one_cm":2075,"minecraft:total_world_time":17257,"minecraft:fall_one_cm":7479},"minecraft:killed":{"minecraft:sheep":3,"born_in_chaos_v1:restless_spirit":3,"born_in_chaos_v1:corpse_fly":1,"minecraft:spider":2,"born_in_chaos_v1:decrepit_skeleton":2},"minecraft:picked_up":{"minecraft:charcoal":2,"minecraft:stick":4,"minecraft:crafting_table":2,"born_in_chaos_v1:ethereal_spirit":4,"minecraft:spruce_sapling":3,"minecraft:spruce_log":26,"minecraft:string":2,"tombstone:lollipop":1,"minecraft:bone":3,"minecraft:rotten_flesh":4,"minecraft:mutton":4,"minecraft:coal":4,"minecraft:white_wool":3,"minecraft:cobblestone":40}},"DataVersion":3465}