{"stats":{"minecraft:used":{"minecraft:stone_pickaxe":17,"minecraft:spruce_planks":45,"minecraft:wooden_pickaxe":9,"minecraft:iron_sword":246,"tombstone:lollipop":3,"minecraft:white_wool":3,"minecraft:mutton":1,"minecraft:crafting_table":7,"minecraft:carrot":8,"minecraft:wooden_axe":39,"minecraft:diamond_pickaxe":26,"minecraft:apple":4,"minecraft:light_gray_concrete":1,"minecraft:iron_axe":125,"minecraft:bread":11,"minecraft:smooth_quartz":1,"minecraft:stone_axe":68,"minecraft:cobblestone":11,"minecraft:bow":30,"minecraft:goat_horn":1,"minecraft:cooked_beef":1},"minecraft:mined":{"minecraft:spruce_planks":5,"minecraft:chiseled_quartz_block":3,"minecraft:crafting_table":2,"minecraft:campfire":1,"minecraft:coal_block":4,"minecraft:cobblestone":4,"minecraft:spruce_leaves":7,"minecraft:iron_door":1,"minecraft:spawner":7,"minecraft:hay_block":12,"minecraft:spruce_log":27,"minecraft:tnt":2,"minecraft:bookshelf":1,"minecraft:grass":18,"minecraft:coal_ore":4,"minecraft:light_gray_concrete":7,"minecraft:smooth_quartz":6,"minecraft:stone":37,"minecraft:white_wool":2},"minecraft:custom":{"minecraft:interact_with_furnace":2,"lootr:looted_stat":37,"minecraft:mob_kills":46,"minecraft:interact_with_anvil":1,"minecraft:interact_with_crafting_table":16,"minecraft:open_barrel":11,"minecraft:damage_dealt_resisted":0,"minecraft:eat_cake_slice":5,"minecraft:leave_game":2,"minecraft:time_since_death":2151,"minecraft:sleep_in_bed":1,"minecraft:climb_one_cm":18819,"minecraft:damage_resisted":0,"minecraft:time_since_rest":1911,"minecraft:waystone_activated":1,"minecraft:sprint_one_cm":98838,"minecraft:damage_taken":1477,"minecraft:walk_one_cm":145020,"minecraft:drop":28,"tombstone:eaten_lollipop":3,"minecraft:damage_dealt":9927,"minecraft:swim_one_cm":4245,"minecraft:fly_one_cm":165121,"minecraft:crouch_one_cm":5856,"minecraft:deaths":2,"minecraft:play_time":65143,"tombstone:undead_killed":29,"minecraft:sneak_time":1864,"minecraft:walk_under_water_one_cm":6314,"minecraft:jump":869,"minecraft:walk_on_water_one_cm":3344,"minecraft:total_world_time":65143,"minecraft:fall_one_cm":22209},"minecraft:crafted":{"minecraft:coal_block":1,"minecraft:crafting_table":5,"minecraft:spruce_planks":104,"minecraft:wooden_pickaxe":1,"minecraft:iron_helmet":1,"minecraft:iron_sword":1,"minecraft:stone_axe":1,"minecraft:bread":42,"minecraft:diamond_pickaxe":1,"minecraft:shield":1,"minecraft:iron_axe":1,"minecraft:stick":8,"minecraft:stone_pickaxe":1,"minecraft:wooden_axe":1,"minecraft:golden_helmet":1,"minecraft:wheat":108},"minecraft:killed":{"duneons:frozenzombie":1,"minecraft:magma_cube":4,"born_in_chaos_v1:restless_spirit":3,"minecraft:spider":2,"born_in_chaos_v1:decrepit_skeleton":2,"minecraft:sheep":6,"minecraft:skeleton":26,"minecraft:zombie":1,"born_in_chaos_v1:corpse_fly":1},"minecraft:dropped":{"minecraft:iron_sword":3,"born_in_chaos_v1:shattered_skull":1,"minecraft:crafting_table":1,"minecraft:wheat":2,"minecraft:iron_helmet":1,"minecraft:rotten_flesh":8,"born_in_chaos_v1:smoked_flesh":6,"minecraft:copper_ingot":7,"patchouli:guide_book":1,"minecraft:shield":1,"minecraft:iron_chestplate":2,"minecraft:charcoal":2,"minecraft:mutton":7,"minecraft:wooden_axe":2,"apotheosis:gem":1,"tombstone:grave_dust":8,"minecraft:stone_pickaxe":4,"minecraft:iron_shovel":1,"minecraft:tripwire_hook":1,"minecraft:spruce_sapling":3},"minecraft:broken":{"minecraft:iron_axe":1,"minecraft:stone_axe":1},"minecraft:picked_up":{"minecraft:wooden_axe":1,"minecraft:iron_chestplate":1,"minecraft:charcoal":2,"minecraft:crafting_table":3,"minecraft:wheat":1,"minecraft:potato":10,"minecraft:string":2,"minecraft:iron_shovel":1,"minecraft:bone":31,"minecraft:wheat_seeds":1,"minecraft:spruce_planks":5,"minecraft:stone_pickaxe":3,"minecraft:smooth_quartz":1,"minecraft:coal_block":9,"minecraft:iron_sword":2,"minecraft:book":3,"minecraft:stick":4,"apotheosis:gem":1,"born_in_chaos_v1:shattered_skull":1,"patchouli:guide_book":3,"born_in_chaos_v1:ethereal_spirit":12,"minecraft:spruce_sapling":6,"tombstone:grave_dust":17,"minecraft:spruce_log":44,"minecraft:carrot":16,"tombstone:lollipop":3,"minecraft:bundle":1,"minecraft:light_gray_concrete":7,"minecraft:pumpkin_seeds":34,"minecraft:arrow":16,"minecraft:rotten_flesh":5,"minecraft:hay_block":12,"minecraft:mutton":8,"iceandfire:silver_nugget":6,"minecraft:coal":13,"minecraft:cobblestone":89,"minecraft:white_wool":8}},"DataVersion":3465}