{"stats":{"minecraft:used":{"minecraft:stone_pickaxe":17,"minecraft:spruce_planks":13,"minecraft:wooden_pickaxe":9,"tombstone:lollipop":1,"minecraft:mutton":1,"minecraft:crafting_table":5,"minecraft:carrot":8,"minecraft:wooden_axe":39,"minecraft:diamond_pickaxe":5,"minecraft:apple":4,"minecraft:bread":3,"minecraft:stone_axe":32,"minecraft:cobblestone":11,"minecraft:cooked_beef":1},"minecraft:mined":{"minecraft:crafting_table":2,"minecraft:campfire":1,"minecraft:coal_block":4,"minecraft:cobblestone":4,"minecraft:spruce_leaves":7,"minecraft:spawner":4,"minecraft:hay_block":12,"minecraft:spruce_log":27,"minecraft:grass":3,"minecraft:coal_ore":4,"minecraft:stone":37},"minecraft:custom":{"minecraft:interact_with_furnace":2,"lootr:looted_stat":24,"minecraft:mob_kills":15,"minecraft:interact_with_anvil":1,"minecraft:interact_with_crafting_table":7,"minecraft:open_barrel":11,"minecraft:damage_dealt_resisted":0,"minecraft:eat_cake_slice":5,"minecraft:leave_game":1,"minecraft:time_since_death":34734,"minecraft:sleep_in_bed":1,"minecraft:climb_one_cm":18239,"minecraft:time_since_rest":12105,"minecraft:waystone_activated":1,"minecraft:sprint_one_cm":64692,"minecraft:damage_taken":290,"minecraft:walk_one_cm":94993,"minecraft:drop":14,"tombstone:eaten_lollipop":1,"minecraft:damage_dealt":2598,"minecraft:swim_one_cm":1529,"minecraft:fly_one_cm":120097,"minecraft:crouch_one_cm":149,"minecraft:play_time":34734,"tombstone:undead_killed":3,"minecraft:sneak_time":97,"minecraft:walk_under_water_one_cm":6028,"minecraft:jump":633,"minecraft:walk_on_water_one_cm":2075,"minecraft:total_world_time":34734,"minecraft:fall_one_cm":15766},"minecraft:crafted":{"minecraft:coal_block":1,"minecraft:crafting_table":3,"minecraft:spruce_planks":68,"minecraft:wooden_pickaxe":1,"minecraft:stone_axe":1,"minecraft:bread":42,"minecraft:diamond_pickaxe":1,"minecraft:shield":1,"minecraft:stick":8,"minecraft:stone_pickaxe":1,"minecraft:wooden_axe":1,"minecraft:wheat":108},"minecraft:killed":{"born_in_chaos_v1:restless_spirit":3,"minecraft:spider":2,"born_in_chaos_v1:decrepit_skeleton":2,"minecraft:sheep":6,"minecraft:zombie":1,"born_in_chaos_v1:corpse_fly":1},"minecraft:dropped":{"minecraft:wheat":2,"minecraft:rotten_flesh":8,"born_in_chaos_v1:smoked_flesh":6,"minecraft:copper_ingot":7,"minecraft:charcoal":2,"minecraft:mutton":7,"minecraft:wooden_axe":2,"minecraft:stone_pickaxe":4,"minecraft:tripwire_hook":1},"minecraft:picked_up":{"minecraft:wooden_axe":1,"minecraft:charcoal":2,"minecraft:crafting_table":2,"minecraft:wheat":1,"minecraft:string":2,"minecraft:bone":6,"minecraft:stone_pickaxe":3,"minecraft:coal_block":4,"minecraft:stick":4,"patchouli:guide_book":1,"born_in_chaos_v1:ethereal_spirit":8,"minecraft:spruce_sapling":3,"tombstone:grave_dust":4,"minecraft:spruce_log":44,"minecraft:carrot":8,"tombstone:lollipop":1,"minecraft:pumpkin_seeds":17,"minecraft:rotten_flesh":5,"minecraft:hay_block":12,"minecraft:mutton":8,"minecraft:coal":13,"minecraft:cobblestone":65,"minecraft:white_wool":6}},"DataVersion":3465}