{"stats":{"minecraft:custom":{"minecraft:time_since_rest":5650,"minecraft:play_time":33260,"minecraft:sprint_one_cm":29106,"minecraft:damage_taken":249,"minecraft:walk_one_cm":11654,"minecraft:deaths":1,"minecraft:jump":166,"minecraft:leave_game":2,"minecraft:time_since_death":5772,"minecraft:total_world_time":33260,"minecraft:interact_with_crafting_table":2,"minecraft:fall_one_cm":5442,"minecraft:fly_one_cm":32988},"minecraft:picked_up":{"minecraft:stick":1,"minecraft:crafting_table":1,"duneons:swamplog":1,"alexsmobs:acacia_blossom":1,"minecraft:acacia_log":10,"minecraft:acacia_sapling":2,"minecraft:cobblestone":19},"minecraft:mined":{"minecraft:grass":1,"minecraft:acacia_log":10,"duneons:swamplog":1,"minecraft:acacia_leaves":2,"minecraft:stone":20,"minecraft:crafting_table":1},"minecraft:crafted":{"minecraft:acacia_planks":40,"minecraft:stone_axe":1,"minecraft:crafting_table":1,"duneons:swamp_planks":4,"minecraft:stick":8,"minecraft:wooden_pickaxe":1,"minecraft:stone_pickaxe":1},"minecraft:used":{"minecraft:stone_axe":1,"minecraft:crafting_table":1,"tombstone:gift":2,"minecraft:wooden_pickaxe":20}},"DataVersion":3465}