{"stats":{"minecraft:used":{"minecraft:wooden_axe":39,"minecraft:apple":4,"minecraft:stone_pickaxe":17,"minecraft:wooden_pickaxe":9,"tombstone:lollipop":1,"minecraft:stone_axe":32,"minecraft:mutton":1,"minecraft:cobblestone":11,"minecraft:crafting_table":3,"minecraft:carrot":8},"minecraft:mined":{"minecraft:hay_block":12,"minecraft:spruce_log":27,"minecraft:crafting_table":2,"minecraft:grass":3,"minecraft:coal_ore":4,"minecraft:campfire":1,"minecraft:cobblestone":4,"minecraft:spruce_leaves":7,"minecraft:stone":37,"minecraft:spawner":3},"minecraft:crafted":{"minecraft:crafting_table":1,"minecraft:stick":4,"minecraft:spruce_planks":32,"minecraft:wooden_pickaxe":1,"minecraft:stone_pickaxe":1,"minecraft:wooden_axe":1,"minecraft:stone_axe":1},"minecraft:custom":{"minecraft:time_since_rest":1043,"minecraft:waystone_activated":1,"minecraft:sprint_one_cm":31222,"lootr:looted_stat":8,"minecraft:damage_taken":260,"minecraft:walk_one_cm":82890,"minecraft:interact_with_anvil":1,"minecraft:mob_kills":15,"minecraft:drop":1,"tombstone:eaten_lollipop":1,"minecraft:damage_dealt":2598,"minecraft:swim_one_cm":1529,"minecraft:interact_with_crafting_table":3,"minecraft:fly_one_cm":98793,"minecraft:open_barrel":11,"minecraft:play_time":23672,"tombstone:undead_killed":3,"minecraft:sneak_time":5,"minecraft:walk_under_water_one_cm":6028,"minecraft:damage_dealt_resisted":0,"minecraft:jump":528,"minecraft:eat_cake_slice":5,"minecraft:leave_game":1,"minecraft:time_since_death":23672,"minecraft:walk_on_water_one_cm":2075,"minecraft:sleep_in_bed":1,"minecraft:climb_one_cm":20,"minecraft:total_world_time":23672,"minecraft:fall_one_cm":13611},"minecraft:killed":{"minecraft:sheep":6,"minecraft:zombie":1,"born_in_chaos_v1:restless_spirit":3,"born_in_chaos_v1:corpse_fly":1,"minecraft:spider":2,"born_in_chaos_v1:decrepit_skeleton":2},"minecraft:dropped":{"minecraft:rotten_flesh":8},"minecraft:picked_up":{"minecraft:charcoal":2,"minecraft:stick":4,"minecraft:crafting_table":2,"born_in_chaos_v1:ethereal_spirit":4,"minecraft:spruce_sapling":3,"tombstone:grave_dust":2,"minecraft:spruce_log":44,"minecraft:string":2,"tombstone:lollipop":1,"minecraft:bone":3,"minecraft:rotten_flesh":5,"minecraft:hay_block":12,"minecraft:mutton":8,"minecraft:coal":4,"minecraft:white_wool":6,"minecraft:cobblestone":41}},"DataVersion":3465}