{"stats":{"minecraft:custom":{"lootr:looted_stat":17,"minecraft:mob_kills":42,"minecraft:interact_with_crafting_table":4,"minecraft:damage_dealt_resisted":765,"minecraft:eat_cake_slice":1,"minecraft:leave_game":3,"minecraft:time_since_death":17520,"minecraft:climb_one_cm":3479,"minecraft:time_since_rest":17018,"minecraft:sprint_one_cm":125234,"minecraft:damage_taken":1539,"minecraft:walk_one_cm":118254,"minecraft:damage_blocked_by_shield":205,"minecraft:drop":20,"tombstone:eaten_lollipop":2,"minecraft:damage_dealt":14131,"minecraft:fly_one_cm":64360,"minecraft:crouch_one_cm":669,"minecraft:play_time":66979,"tombstone:undead_killed":11,"minecraft:deaths":4,"minecraft:sneak_time":340,"minecraft:jump":440,"minecraft:interact_with_blast_furnace":1,"minecraft:walk_on_water_one_cm":502,"minecraft:total_world_time":66979,"minecraft:fall_one_cm":9546},"minecraft:picked_up":{"minecraft:crafting_table":1,"iceandfire:witherbone":1,"duneons:swamplog":1,"minecraft:diamond_sword":1,"alexsmobs:acacia_blossom":1,"minecraft:potion":3,"minecraft:string":18,"minecraft:white_banner":1,"born_in_chaos_v1:monster_skin":1,"minecraft:bone":4,"minecraft:cyan_carpet":5,"minecraft:stone_pickaxe":1,"minecraft:smooth_quartz":2,"minecraft:coal_block":2,"minecraft:acacia_sapling":2,"minecraft:stick":1,"minecraft:acacia_log":10,"born_in_chaos_v1:ethereal_spirit":1,"minecraft:spruce_fence":1,"tombstone:grave_dust":2,"minecraft:cyan_bed":2,"minecraft:spider_eye":12,"tombstone:lollipop":2,"minecraft:arrow":2,"minecraft:chainmail_leggings":1,"minecraft:dark_oak_wood":1,"minecraft:coal":4,"minecraft:cobblestone":23},"minecraft:mined":{"minecraft:acacia_leaves":2,"minecraft:crafting_table":1,"minecraft:dark_oak_wood":1,"minecraft:acacia_log":10,"minecraft:spruce_fence":1,"minecraft:coal_block":2,"minecraft:cobblestone":9,"minecraft:deepslate_coal_ore":1,"minecraft:cyan_bed":2,"minecraft:spawner":9,"minecraft:black_stained_glass_pane":2,"minecraft:white_wall_banner":1,"minecraft:grass":1,"duneons:swamplog":1,"minecraft:smooth_quartz":2,"minecraft:cyan_carpet":3,"minecraft:stone":20},"minecraft:crafted":{"spartanweaponry:iron_dagger":1,"minecraft:crafting_table":2,"duneons:swamp_planks":4,"minecraft:wooden_pickaxe":1,"spartanweaponry:handle":1,"minecraft:stone_axe":1,"minecraft:shield":2,"minecraft:stick":8,"minecraft:iron_pickaxe":1,"minecraft:stone_pickaxe":1,"minecraft:acacia_planks":40},"minecraft:killed":{"minecraft:cave_spider":13,"born_in_chaos_v1:restless_spirit":1,"born_in_chaos_v1:spirit_guide_assistant":1,"minecraft:spider":13,"minecraft:frog":1,"minecraft:skeleton":3,"born_in_chaos_v1:dread_hound":1,"minecraft:wither_skeleton":7,"creeperoverhaul:savannah_creeper":1},"minecraft:used":{"minecraft:trident":13,"minecraft:stone_pickaxe":1,"minecraft:shield":8,"minecraft:wooden_pickaxe":20,"tombstone:lollipop":2,"minecraft:crafting_table":3,"minecraft:cake":1,"minecraft:apple":8,"spartanweaponry:iron_dagger":135,"minecraft:cyan_bed":2,"minecraft:iron_pickaxe":23,"minecraft:stone_axe":34,"minecraft:diamond_sword":85,"minecraft:cobblestone":17,"tombstone:gift":2,"minecraft:pumpkin_pie":10,"minecraft:air":2},"minecraft:dropped":{"alexsmobs:acacia_blossom":1,"iceandfire:witherbone":1,"minecraft:spruce_fence":1,"minecraft:acacia_sapling":2,"minecraft:potion":6,"minecraft:stone_pickaxe":2,"minecraft:wooden_pickaxe":1,"duneons:swamp_planks":4,"minecraft:chainmail_leggings":2,"minecraft:cyan_carpet":5,"minecraft:bone":4}},"DataVersion":3465}