{"stats":{"minecraft:custom":{"lootr:looted_stat":16,"minecraft:mob_kills":23,"minecraft:interact_with_crafting_table":4,"minecraft:eat_cake_slice":1,"minecraft:leave_game":3,"minecraft:time_since_death":11520,"minecraft:climb_one_cm":3179,"minecraft:time_since_rest":11018,"minecraft:sprint_one_cm":109111,"minecraft:damage_taken":1239,"minecraft:walk_one_cm":103968,"minecraft:damage_blocked_by_shield":205,"minecraft:drop":15,"tombstone:eaten_lollipop":1,"minecraft:damage_dealt":9467,"minecraft:fly_one_cm":61029,"minecraft:crouch_one_cm":568,"minecraft:play_time":60979,"tombstone:undead_killed":3,"minecraft:deaths":4,"minecraft:sneak_time":168,"minecraft:jump":411,"minecraft:interact_with_blast_furnace":1,"minecraft:walk_on_water_one_cm":502,"minecraft:total_world_time":60979,"minecraft:fall_one_cm":9546},"minecraft:picked_up":{"minecraft:crafting_table":1,"duneons:swamplog":1,"alexsmobs:acacia_blossom":1,"minecraft:potion":3,"minecraft:string":16,"minecraft:white_banner":1,"born_in_chaos_v1:monster_skin":1,"minecraft:cyan_carpet":4,"minecraft:stone_pickaxe":1,"minecraft:smooth_quartz":2,"minecraft:coal_block":2,"minecraft:acacia_sapling":2,"minecraft:stick":1,"minecraft:acacia_log":10,"born_in_chaos_v1:ethereal_spirit":1,"minecraft:cyan_bed":2,"minecraft:spider_eye":7,"tombstone:lollipop":2,"minecraft:arrow":2,"minecraft:chainmail_leggings":1,"minecraft:dark_oak_wood":1,"minecraft:coal":1,"minecraft:cobblestone":22},"minecraft:mined":{"minecraft:acacia_leaves":2,"minecraft:crafting_table":1,"minecraft:dark_oak_wood":1,"minecraft:acacia_log":10,"minecraft:coal_block":2,"minecraft:cobblestone":8,"minecraft:deepslate_coal_ore":1,"minecraft:cyan_bed":2,"minecraft:spawner":6,"minecraft:black_stained_glass_pane":2,"minecraft:white_wall_banner":1,"minecraft:grass":1,"duneons:swamplog":1,"minecraft:smooth_quartz":2,"minecraft:cyan_carpet":2,"minecraft:stone":20},"minecraft:crafted":{"spartanweaponry:iron_dagger":1,"minecraft:crafting_table":2,"duneons:swamp_planks":4,"minecraft:wooden_pickaxe":1,"spartanweaponry:handle":1,"minecraft:stone_axe":1,"minecraft:shield":2,"minecraft:stick":8,"minecraft:iron_pickaxe":1,"minecraft:stone_pickaxe":1,"minecraft:acacia_planks":40},"minecraft:killed":{"minecraft:cave_spider":4,"born_in_chaos_v1:restless_spirit":1,"minecraft:spider":11,"minecraft:frog":1,"minecraft:skeleton":3,"born_in_chaos_v1:dread_hound":1,"creeperoverhaul:savannah_creeper":1},"minecraft:used":{"minecraft:trident":13,"minecraft:stone_pickaxe":1,"minecraft:shield":8,"minecraft:wooden_pickaxe":20,"tombstone:lollipop":1,"minecraft:crafting_table":3,"minecraft:cake":1,"minecraft:apple":8,"spartanweaponry:iron_dagger":108,"minecraft:cyan_bed":2,"minecraft:iron_pickaxe":19,"minecraft:stone_axe":33,"tombstone:gift":2,"minecraft:pumpkin_pie":6,"minecraft:air":2},"minecraft:dropped":{"alexsmobs:acacia_blossom":1,"minecraft:acacia_sapling":2,"minecraft:potion":6,"minecraft:stone_pickaxe":2,"minecraft:wooden_pickaxe":1,"minecraft:chainmail_leggings":2,"minecraft:cyan_carpet":4}},"DataVersion":3465}