{"stats":{"minecraft:used":{"alexsmobs:animal_dictionary":1,"minecraft:flint_and_steel":1,"minecraft:obsidian":15},"minecraft:custom":{"minecraft:jump":83,"minecraft:time_since_rest":2357,"minecraft:leave_game":1,"minecraft:walk_on_water_one_cm":231,"minecraft:crouch_one_cm":20,"minecraft:sprint_one_cm":5124,"minecraft:damage_taken":90,"minecraft:play_time":11083,"minecraft:walk_one_cm":5392,"minecraft:time_since_death":2326,"minecraft:deaths":2,"minecraft:sneak_time":100,"minecraft:climb_one_cm":130,"minecraft:total_world_time":11083,"minecraft:swim_one_cm":95,"minecraft:fall_one_cm":4545,"minecraft:fly_one_cm":15175},"minecraft:picked_up":{"patchouli:guide_book":1,"alexsmobs:animal_dictionary":1}},"DataVersion":3465}