{"stats":{"minecraft:used":{"minecraft:stone_pickaxe":17,"minecraft:spruce_planks":25,"minecraft:wooden_pickaxe":9,"minecraft:iron_sword":246,"tombstone:lollipop":2,"minecraft:white_wool":3,"minecraft:mutton":1,"minecraft:crafting_table":7,"minecraft:carrot":8,"minecraft:wooden_axe":39,"minecraft:diamond_pickaxe":26,"minecraft:apple":4,"minecraft:light_gray_concrete":1,"minecraft:iron_axe":125,"minecraft:bread":8,"minecraft:smooth_quartz":1,"minecraft:stone_axe":68,"minecraft:cobblestone":11,"minecraft:bow":19,"minecraft:goat_horn":1,"minecraft:cooked_beef":1},"minecraft:mined":{"minecraft:spruce_planks":5,"minecraft:chiseled_quartz_block":3,"minecraft:crafting_table":2,"minecraft:campfire":1,"minecraft:coal_block":4,"minecraft:cobblestone":4,"minecraft:spruce_leaves":7,"minecraft:iron_door":1,"minecraft:spawner":7,"minecraft:hay_block":12,"minecraft:spruce_log":27,"minecraft:grass":3,"minecraft:coal_ore":4,"minecraft:light_gray_concrete":7,"minecraft:smooth_quartz":6,"minecraft:stone":37,"minecraft:white_wool":2},"minecraft:custom":{"minecraft:interact_with_furnace":2,"lootr:looted_stat":27,"minecraft:mob_kills":45,"minecraft:interact_with_anvil":1,"minecraft:interact_with_crafting_table":14,"minecraft:open_barrel":11,"minecraft:damage_dealt_resisted":0,"minecraft:eat_cake_slice":5,"minecraft:leave_game":1,"minecraft:time_since_death":58734,"minecraft:sleep_in_bed":1,"minecraft:climb_one_cm":18819,"minecraft:time_since_rest":36105,"minecraft:waystone_activated":1,"minecraft:sprint_one_cm":77437,"minecraft:damage_taken":740,"minecraft:walk_one_cm":128606,"minecraft:drop":23,"tombstone:eaten_lollipop":2,"minecraft:damage_dealt":9927,"minecraft:swim_one_cm":1529,"minecraft:fly_one_cm":125512,"minecraft:crouch_one_cm":5856,"minecraft:play_time":58734,"tombstone:undead_killed":29,"minecraft:sneak_time":1864,"minecraft:walk_under_water_one_cm":6028,"minecraft:jump":678,"minecraft:walk_on_water_one_cm":2075,"minecraft:total_world_time":58734,"minecraft:fall_one_cm":15977},"minecraft:crafted":{"minecraft:coal_block":1,"minecraft:crafting_table":5,"minecraft:spruce_planks":68,"minecraft:wooden_pickaxe":1,"minecraft:iron_sword":1,"minecraft:stone_axe":1,"minecraft:bread":42,"minecraft:diamond_pickaxe":1,"minecraft:shield":1,"minecraft:iron_axe":1,"minecraft:stick":8,"minecraft:stone_pickaxe":1,"minecraft:wooden_axe":1,"minecraft:golden_helmet":1,"minecraft:wheat":108},"minecraft:killed":{"minecraft:magma_cube":4,"born_in_chaos_v1:restless_spirit":3,"minecraft:spider":2,"born_in_chaos_v1:decrepit_skeleton":2,"minecraft:sheep":6,"minecraft:skeleton":26,"minecraft:zombie":1,"born_in_chaos_v1:corpse_fly":1},"minecraft:dropped":{"minecraft:iron_sword":1,"minecraft:crafting_table":1,"minecraft:wheat":2,"minecraft:rotten_flesh":8,"born_in_chaos_v1:smoked_flesh":6,"minecraft:copper_ingot":7,"patchouli:guide_book":1,"minecraft:shield":1,"minecraft:iron_chestplate":2,"minecraft:charcoal":2,"minecraft:mutton":7,"minecraft:wooden_axe":2,"apotheosis:gem":1,"tombstone:grave_dust":8,"minecraft:stone_pickaxe":4,"minecraft:tripwire_hook":1,"minecraft:spruce_sapling":3},"minecraft:broken":{"minecraft:iron_axe":1,"minecraft:stone_axe":1},"minecraft:picked_up":{"minecraft:wooden_axe":1,"minecraft:iron_chestplate":1,"minecraft:charcoal":2,"minecraft:crafting_table":3,"minecraft:wheat":1,"minecraft:potato":10,"minecraft:string":2,"minecraft:bone":31,"minecraft:spruce_planks":5,"minecraft:stone_pickaxe":3,"minecraft:smooth_quartz":1,"minecraft:coal_block":9,"minecraft:iron_sword":1,"minecraft:stick":4,"apotheosis:gem":1,"patchouli:guide_book":3,"born_in_chaos_v1:ethereal_spirit":12,"minecraft:spruce_sapling":3,"tombstone:grave_dust":17,"minecraft:spruce_log":44,"minecraft:carrot":16,"tombstone:lollipop":2,"minecraft:bundle":1,"minecraft:light_gray_concrete":7,"minecraft:pumpkin_seeds":34,"minecraft:arrow":16,"minecraft:rotten_flesh":5,"minecraft:hay_block":12,"minecraft:mutton":8,"minecraft:coal":13,"minecraft:cobblestone":89,"minecraft:white_wool":8}},"DataVersion":3465}